index,pts,dts,duration,bytes,sha256
0,0,0,33333333,1835,f8423286eaacb22c97d97f327965a4b604682b9284e581c8373c03089b4b457f
1,33333333,33333333,33333333,773,93369c79023bd1458bbb36faa4340747c137b3ec25b8cc8c20d18bfd0ab78522
2,66666666,66666666,33333333,818,9aacbb7147afb5b95479595df8177568ec551f816249b6ddbdb7195244fc7c75
3,100000000,100000000,33333333,924,3aac2fbaa53266c995703d25689c1c4fafcaed83941dae1fb4e08214ba592bb5
4,133333333,133333333,33333333,948,64c866df3442a250bc29f3a54f3335d35297b8eaa8359c914f261d38cf76cca7
5,166666666,166666666,33333333,905,ed52477f7d8849a40560331c70e31d18cb630aae0760c59ae7214e030994501a
6,200000000,200000000,33333333,948,2a30eccc17e98834efb4f1fd5f8a74267d3404ed4fd2adaf1d46a0515294d285
7,233333333,233333333,33333333,987,526b41c7dc6e37ff42b6e42b76c83afec161a6fef00da82b8cecd911e9120275
8,266666666,266666666,33333333,1023,0351ec976061919826fd9961b7b5b60d6ffaad9df75c90fd60ac97e35146f864
9,300000000,300000000,33333333,986,aad9e5e64e1175817087bd7e426e4c55c5813569d71e0a22cde955a52045f210
10,333333333,333333333,33333333,1008,f16aba2e82978b9496b44585d7d73c8efe01505d885cc18a0faa66d05890fe59
11,366666666,366666666,33333333,989,7fb6b807f5bcd6f355d61dccc34cf2a25ee7302119adffed5ea5c98f8918a8df
12,400000000,400000000,33333333,955,a706a9cd9933c44d29b1bf332d3c76391f40325d2f9254b9798bdea2d8ea357d
13,433333333,433333333,33333333,952,75debb458ea5300d06d54a9d205ecc351192d858128e1471aa4d6667a69c376f
14,466666666,466666666,33333333,893,3ec61e1746ed9f71efbaa1e0ce7583a75295f3cde8c2636458c5a2dcb8e056de
15,500000000,500000000,33333333,849,fd621c0ec9b584e435288d2cb7f84a2d9e85ded47cb5dcae48ec87d4b633ede5
16,533333333,533333333,33333333,803,7a1a3dd0d8f9c2d989119d987daecb5a40358784996fc6b1aa8e6fd0d12ed94a
17,566666666,566666666,33333333,828,7afa89ed9c0c3de870e626bf8d6116b23a8d6202363d059068a153deecec8f38
18,600000000,600000000,33333333,789,f16ffb755397efafee34351f7ee7320c1d4b102e3d1cc54bba6e24d3efb428b6
19,633333333,633333333,33333333,744,64599a5a6bdd2c900fca5763af02c4b23fc0991958632d559986df75c885b7a1
20,666666666,666666666,33333333,714,4c98b61266fdd5cb8bf4efe874d3d996c9ef1ed37a77c97ad1f62d3a7c2e235f
21,700000000,700000000,33333333,731,5e2d882b2f8edad987b0c652a2c252559d62043561b9c2819da3be5c5e5121fc
22,733333333,733333333,33333333,855,383d8efec6bb7f4986c219ddf503e1aa418fca445bd1d28c0493dc40f9571b6d
23,766666666,766666666,33333333,877,d0706a06dc85e14c788197512e3e10937ca37cc5e9deffa302e88525df758a4e
24,800000000,800000000,33333333,791,9d726547d1326d2c3e9103c6980a9aa8ef9fa373346aa393fd061b8e7ba9c2bf
25,833333333,833333333,33333333,951,34e032003f5f9307b6deb79394f49075520972a0accfad13f18c06f8ee77967d
26,866666666,866666666,33333333,1009,2dfd580fc2b8f4c32306fa753c7f2dd790112e551785aa2b36397a6abb727a25
27,900000000,900000000,33333333,970,3db727752555eead71d1f8e964f904984c0535c8d8b0e62fdb1557e0be5c69a9
28,933333333,933333333,33333333,1021,6317f6460b1ce8199a960ea85aedc61c6189af45fcacf1acdfd1d08a366740ab
29,966666666,966666666,33333333,1008,d9f166a27f03881c4f0cc65e7ddbb7bd4c257ae298fd1c439e3c8b463aab0722
30,1000000000,1000000000,33333333,958,9eb45e378f2584d76559019d5b356f09d80bc46aac071d1ea0fd22db68989b0f
31,1033333333,1033333333,33333333,970,e2e3e5f38d39a9b12f45116b10b2fc56fc2202f0edffc90079f54871783f5b07
32,1066666666,1066666666,33333333,916,4934fea8b880854ef7f03f84c3846c66648b588a965e9fd71c180f44a1721742
33,1100000000,1100000000,33333333,954,2b24c19a3899652f3a2a2cc1156efed2023bdcec9724926643ca65083885a47b
34,1133333333,1133333333,33333333,927,efa9ea511882475c45c0ef1d43737625c8f4614b77df9321534220dd42dfe1a7
35,1166666666,1166666666,33333333,848,4036dbc4e72c374adb6c663ae3472e92eae12c11eb64e85e3b4c29679def7119
36,1200000000,1200000000,33333333,966,0000d5e7218921d6f82f7e7ae854662667ecad85f87e193aad0e58b036c2290c
37,1233333333,1233333333,33333333,883,b03a7b56035661fffb89106fcc6605fa8f91df5b67531b4d871283a142f60bca
38,1266666666,1266666666,33333333,936,1fececde2b9546125fa89f55f5977fbf5f8ed594de0c0ff759a64bd45c49b5fe
39,1300000000,1300000000,33333333,806,8a9131b398d1485ea6ca10afafbf66137544785d29c196be2f728f8cd157bc57
40,1333333333,1333333333,33333333,857,5fab7e37cb8cd5fcee0af6a5941362e64a0fbff68112168290020d64569de741
41,1366666666,1366666666,33333333,846,d11efc0a08ca5a16b754d15c72f8c1606252575f836bb85f03dee6dddd5378cd
42,1400000000,1400000000,33333333,822,4ff3252544081029088af49c438e161181943609839f4f26f0acc2ddd1fbcc0f
43,1433333333,1433333333,33333333,850,bbf16d358e306ca2f7ddd34dab9f32aed01829e071814656462bcfef5fc29400
44,1466666666,1466666666,33333333,784,cadd04f7c39b9c8f46541735ad43aed270ff8f3f200c06784d05280575356e34
45,1500000000,1500000000,33333333,810,04870f63b8f62f0d2fdd4066d82da5b5060cae79fd1f5d7017ce6eefc2187333
46,1533333333,1533333333,33333333,696,92859b2370a780bc3b21e89164ed75f7fa3d66fe43e36dccad85b032eb8e8f60
47,1566666666,1566666666,33333333,719,bae907c579d688260e7f5085ca9cd2a3b820d1fa4a8f09d8aca34476209d3e52
48,1600000000,1600000000,33333333,806,14ee2e9c89658eb812a0138072b86129ed9be8b0a2584ce56fa57334ea3f6680
49,1633333333,1633333333,33333333,882,77c0571fc4e183e20a381635c101f6363bfdbe6f24e6f9b2b7162daba1dfb3b2
