index,pts,dts,duration,bytes,sha256,vcl
0,0,0,33333333,1835,89e7d744e5d25621f5172528d5a67c9a79c62d2b88ffb779a2677679ee7685d0,ba433c369d79c1d7dc8c3e808ff98805976b422a273fc10ecbad91ff7651ffdc
1,33333333,33333333,33333333,773,e4337a7e32eec16f470861366e840714201e80fec2cdf7e65d3e9a0c278bf638,7679a77b505942bbcee6366691613aedea4874bf7067f62d3434d8f1922c77de
2,66666667,66666667,33333333,818,a02f08d44129854ede3b2fe99989d9aa691fb8cd254832009823f62f6b40ef41,ad99f28bbd5b80e762c5a4120397d2bf778347df61d60205259b0d81503baa36
3,100000000,100000000,33333333,924,6f71764c8339e4e935ff0ef9bde2d487ac92bf9c241fac19a043b4b217f76c0a,07f6e55e83166260c16a3bb72d8fe807499573b1b35bcc22e30ddb0172480a62
4,133333333,133333333,33333333,948,cb8f3be4c4bc885a51fa57dd0103052400136ce0a1dfdfd9948d5b5ad7392e1a,9734f39521f551e37efab17e9b851ac89335c318857465ef7ee4d7628b0f03d8
5,166666667,166666667,33333333,905,3fa4b2a79f6ee862ee46ae403c78055ea21e97d6b0f630dc048e9ad5fef44c57,1a94756b4424b20801f83e7c64497be978b5c27b1b7fd6191bcbd6bbac7e08eb
6,200000000,200000000,33333333,948,5773fa3380c17e444d1c9ae6800de43906b953c2f4222d719f3d5f72b45ee1ef,83b8c836a44a0ac7b0b86abcbfc494e2330175d6393764fe369b43c52164a162
7,233333333,233333333,33333333,987,cb1bb850a322da76706f204dac905dd58efab7ec30e7f79dce59143f8aea50f5,eef8e2bca1550bd54ee2c641d5f544ce2f6c7cd7ebaf03e042f9b666a5d5f639
8,266666667,266666667,33333333,1023,29981528bd402b3663a610c3e81dfabb02f5105dd2ac46cdadfe8fa3c3967a0b,a78a553f3c0b26766d71f5c7c0861b3468c8e81209429d0a649ad25ae2a72b69
9,300000000,300000000,33333333,986,56079c737f71fc96223c1518e1d408604275fc2613ad91d64542c8a7e8d11dd1,84b688bb96e4d7776e15391dfa1cca9ffcb9209333da1f609bb5f0309d327484
10,333333333,333333333,33333333,1008,59734c1260f807b2c26ed17146681ee31f2bbbb39515352ab576adbd1bcb80c0,06d0075a7609f8ab3dca72c0ff50b5dd06f5095dbe265c5e4adf0ec5d4416864
11,366666667,366666667,33333333,989,052820aa540a50f396e9470754df8dc4c92f4d04de310c7915d61f82b699d9f7,72abae4e4c0a362bb32a8fe40c7a0d52e21af8ed6cbc2c76969ecf5f3d5180a9
12,400000000,400000000,33333333,955,3475be77819c42f877c12238aef90d50a6cbe45ad7146b7983185df9eb7b6bd7,e489b839f21ec3a8f65b9064d6c1900abe8061547c98a7dd001e7df735656823
13,433333333,433333333,33333333,952,0f3eae93746ed2dbceb9cd102d668d072e402b1aa87642881df4c73930678a2b,7b5cbc9d8e5153faabe9d63e3a2c958126907676efa6ada3f048a9a3bb15f3aa
14,466666667,466666667,33333333,893,0231c5948c8f9c1021b5d6a7256acf3ec287866a9286beb85f6bf376f794413f,0722b891d559436218bd2705016c05a80c74a82597a41e78fe0378f3b30e1ee8
15,500000000,500000000,33333333,849,059f32e35e5b6c6cd32b2eecbc48aa2735cfc701d0befd8d16fcb3528af864b3,750c16a6aa7ff66ac13c9819ed19dbbcab6937efe95b13f2be9d12cd17dbcf27
16,533333333,533333333,33333333,803,21d453f309db43f6813a779241c9c2b58218907da94d8de63a4df86cde64ef22,60300c5644e1562076e6a78ffa297b21f4927a26ac9c8929c3376400e34b328e
17,566666667,566666667,33333333,828,3a97779d5d1d4c2457bd2ebbb9d78e9570e55741bf8f1e6c3cf8116ddac12f66,23e683f2ea3ab85ebde3f3fd39eaa6bed145f41d66f404a714e0945a2bc7dc59
18,600000000,600000000,33333333,789,93ab8197614c002c278222cb78205c7b671050af2fecec5dedca80508903c152,8f61bee8d8dbdd339bb95b68f4fc8596b6d69c1f4c093cb53b71cdf84e3702af
19,633333333,633333333,33333333,744,ff7bbca39b843057cdbf7099ea08a4f7fbb309a46eded17df8c4988f1a83a0e3,9a818e6ebde500dd5464a68abfd01d2278d9fcba10db877bfca1f717a7774e26
20,666666667,666666667,33333333,714,129cf7f51fafcf7ca3019a91f02d0d71db01998dcaf018ff747d7896a5e9f510,05fff94bc337971af661ceb2b12fb889f26abaaae0141c957f7b760bb62bf777
21,700000000,700000000,33333333,731,53f13f0783123d2eec11b0fd92a222383048d08d50f1188c005d3adbca27d675,286b93cfda25990153c6beeedc3cd7ea3dafd5d8d6f6c642047e6f89bcc29aa5
22,733333333,733333333,33333333,855,f2886fc7d023cb909675916c41dad5a1a55e9dd69a52768d34811fb46c909edc,381048f63974534a14743f69b49b2589dabe1dedff5e59f6a62ff66e74518d96
23,766666667,766666667,33333333,877,1b5c4b1788b323e7917fef6251e1484b15936db3895fa3c3bed8fe72dbd3e2e4,851447777961267597ec62f12bd3d1ffeed7a416b70a1dc9a056e14e4a07edaa
24,800000000,800000000,33333333,791,edb946704e2be47ab8a0a0e5d24d0f63f3db1f079f0f8c1dd34afa275ebb06a0,480b45af376f3e01f6347b1836ca039f37bb40a8876ab790465d3dfc2cb2e364
25,833333333,833333333,33333333,951,cc1a08b50a65ccd03b5ca196fa0ff1fb82d121536b8c6e9b7e34973fba9a921e,1a269b72d614f026306267b1e74f1bd67c5e93eec47e65f228cad121e8f0db7c
26,866666667,866666667,33333333,1009,07de313bf60308fbc5b22c9bb56c1bd82970ca474e0d3470bc00830b06e4533f,a31386ca45dc743079b0c9d77953db0f477eb4130c34fc774d027b6c94be9a4b
27,900000000,900000000,33333333,970,3d93694d0381fa2589aadb6ea2af0d2e5eb32e2d770f3375b8cac7f77506ef2c,0db8a73d46bc466e1325d0e3bba2b6effdd95f19a1fa55367f6298ab2b46e032
28,933333333,933333333,33333333,1021,55532051d4b03adc91cd02c6c0895f74d68ec70782fd6947f9b0ccb1e7f0b077,ec272c91b4b20d86c3cae5169fa4c9b2e5efdcc264e259fb53b4f3a89618ed9c
29,966666667,966666667,33333333,1008,59c062c5a71397d1c80f7c3093382e438fa5cde47b7bc4bd5dbe7629f067edc9,a409cc1ef90def93808dce305012833c84a31cb53f576b4342f8926442050e16
30,1000000000,1000000000,33333333,958,969467a234fb54e6612d6a81b28cc8f9f270dd04901e389dbe0d19691d010714,d67b23cb9e432d03c3d4d16cd6781aad7ef31370d2282e14b81c266324abf91a
31,1033333333,1033333333,33333333,970,5defe18a25e35f9cd2016aa638a56f28b169242a5393b15442287846473abb67,86d5ce343f2e8c4953004b2640e11302fb16a6b8cb26d65ff42deaddc35c7db3
32,1066666667,1066666667,33333333,916,5dc22e47ff648ded9aa3b5312dbd79cd5c5f8b2883e4ee24155cf70f99b5de99,7cf2a991a95c5ca5c9d035fbfe175b891555485b645379f7525df504a1d99478
33,1100000000,1100000000,33333333,954,8fb52ae3c2ae430803f550521e83f2ae877bd03fb027598e099cfc8ef3853615,b75dfb9ef870d2fc91a236b56e4108636121a920759353276df1198bf0f612b1
34,1133333333,1133333333,33333333,927,56c24f434bb3a2178e0ce8143470c2efa0683b76a89305f635e298dcfb7bd9bc,f61c7e7f726f78481829f30e346fad3f58c60b031b9ddb5cffec02abf8eadde0
35,1166666667,1166666667,33333333,848,f0aa1c17c29712db74a599b30309434eba54e080d782939cc9961d7f1008ceb0,8232fd3c803e661a98e15b351607ffcd899f200e0aa75cb53298c88f4cdc2a50
36,1200000000,1200000000,33333333,966,809b7624588a5389df17e7fee12f2ce091617e2c12286ac202f3cdeead1ca887,496450ff06e9e2489e0f85d413304135bf199806eaa5376993fc76838961ab22
37,1233333333,1233333333,33333333,883,7a826012005b40a7334238156685f07d1e9137732e0abccac488978670c1c80f,3ba5b9fd1bca65d4f0de9ac729142102043c8bcb8f66db9ddaef432a363db866
38,1266666667,1266666667,33333333,936,f752f7918e837f7e46ae43032eff88f6152166ccd9b199a9ccae22c8ceba045a,0affe97e65d52d90d69878281214178681a5410d6b94e8f2b01d5c42a8c762da
39,1300000000,1300000000,33333333,806,b30117e852ce5466a48c48a8e8c478f2e1530f0582d96ee0f8f4401f6aa61a13,98a2a172fd9c8bdc057514012643bcd89cceda9e011c004214bac80b0ac509c6
40,1333333333,1333333333,33333333,857,396e124ce50c740a71adc63a509032ce2d40a3bbf273ee86ff70f5c03860b436,aad14538bb41b4e5b81adab9722305414e41dd4bacc8cbcc7aea4d24836a1148
41,1366666667,1366666667,33333333,846,de674c16c93c3522e9bcd0307db3aaa1816c4efb9e3688766eceaa3667efc532,11f1199cd19da4fdc35a6c40af7278558e1afb391eac00cd99f411e577ffdefc
42,1400000000,1400000000,33333333,822,0dccbbea0e5b1959e3959b17d6c3e02a3829886a5c5ddf6296b1bd481c55d771,c1639761e6c0b18e6da0e4e77ab513d0b1e6ec989116faffd6829422e5971a2f
43,1433333333,1433333333,33333333,850,fad392bdde217ff40ae088bf36b77e2ce2e8050aea0b976a9b244e9565d62bb4,dfed81239a52a1c49ea36f126cf6ff6c456818072f7c774836655103902ee28b
44,1466666667,1466666667,33333333,784,3ebfca45d47220dbe24061181bd784c380100db2017be038779abb2419769eb9,a9dc422487a6fce390338f10962788b764ab63af1a042c3adb0d909d659f14cf
45,1500000000,1500000000,33333333,810,12ff9f42a8be7ac8bbb90581a2f8205633e70b317f955c7f07a7ba2604725a42,7a90a3d20ba5db4d0f842590e60a776fd5288f92889eea9d9be50bcb25445f29
46,1533333333,1533333333,33333333,696,88fcb17c49fdfcd97ed7b48cf1bc84f01b8fd77a8d8a544b97cc3c50f4ddf65e,3980d7bc3dd5fe75ece8b3342f18865b1e598c26a5fe55ecb8dc7a556fbcb913
47,1566666667,1566666667,33333333,719,7a4eb5cfde290033d00a62b7b37ff0d1a862626a4d91bf09920581bfab41873a,c4f7e8452890d20a85ceb6a02b0477b8a5a1d74d6d52d2f6760dcb5ed8db399e
48,1600000000,1600000000,33333333,806,21ae8e5df1081ca726be21fbf8157dff6e3194a3541526cd80d99b9fc3f467f6,42076165ea348c704683ee45645fa11603442e544c0092beba62815b3fe00fbf
49,1633333333,1633333333,33333333,882,30ae2dc478cd91b3dc3359540740de29e127e5362ba9b473d6a5094428fbb22f,c97851c04868d2e5f755e5527a89fc619bd4fc34705c8bdc494c3ed0358925aa
